,fit_time,score_time,test_accuracy,test_f1,test_roc_auc,test_precision,test_recall
0,2.5856761932373047,0.3346254825592041,0.9997731577574376,0.9997999599919984,0.9999992978227263,1.0,0.9996
1,2.3648409843444824,0.2952296733856201,0.9998412104302064,0.9998599803972557,0.9999993250713968,1.0,0.99972
2,2.321928024291992,0.29790353775024414,0.9999092620738153,0.999919993599488,0.9999997180736782,1.0,0.99984
3,2.293888807296753,0.37488770484924316,0.999863893110723,0.9998799855982717,0.9999995006026307,1.0,0.99976
4,2.3494043350219727,0.30999016761779785,0.9999659732776808,0.999969998499925,0.9999996976385148,1.0,0.999939998799976
